<?xml version='1.0'  encoding='UTF-8' ?>
<jaxws:bindings wsdlLocation="services.wsdl"  xmlns:jaxws="http://java.sun.com/xml/ns/jaxws"  xmlns:wsdl="http://schemas.xmlsoap.org/wsdl/"  xmlns:xs="http://www.w3.org/2001/XMLSchema" > 
  <jaxws:package name="com.apress.javaxml.ws" ></jaxws:package>
  <jaxws:enableMIMEContent>true</jaxws:enableMIMEContent>
  
  <jaxws:bindings node="//wsdl:portType[@name='ProjectPortType']" >
   
    <jaxws:bindings node="//wsdl:portType[@name='ProjectPortType']/wsdl:operation[@name='download']" > 
      <jaxws:method name="downloadProject" ></jaxws:method>
     </jaxws:bindings>
   
    <jaxws:bindings node="//wsdl:portType[@name='ProjectPortType']/wsdl:operation[@name='upload']" > 
      <jaxws:method name="uploadProject" ></jaxws:method>
     </jaxws:bindings>
 
     <jaxws:bindings node="//wsdl:portType[@name='ProjectPortType']/wsdl:operation[@name='remove']" > 
      <jaxws:method name="removeProject" ></jaxws:method>
     </jaxws:bindings>

   </jaxws:bindings>
   
   <jaxws:bindings node="wsdl:definitions"  xmlns:javaee="http://java.sun.com/xml/ns/javaee" >
        <javaee:handler-chains>
            <javaee:handler-chain>
                <javaee:handler>
                    <javaee:handler-class>com.apress.javaxml.ws.impl.LoggingHandler</javaee:handler-class>
                </javaee:handler>
            </javaee:handler-chain>
        </javaee:handler-chains>
    </jaxws:bindings>
 </jaxws:bindings>