<?xml version='1.0'  encoding='UTF-8' ?>
<javaee:faces-config version="1.2"  xmlns:javaee="http://java.sun.com/xml/ns/javaee"  xmlns:xsi="http://www.w3.org/2001/XMLSchema-instance"  xsi:schemaLocation="http://java.sun.com/xml/ns/javaee http://java.sun.com/xml/ns/javaee/web-facesconfig_1_2.xsd" >
  <javaee:navigation-rule>
    <javaee:from-view-id>/chgpwd.jsp</javaee:from-view-id>
  
    <javaee:navigation-case>
      <javaee:from-outcome>success</javaee:from-outcome>
      <javaee:to-view-id>/index.jsp</javaee:to-view-id>
    </javaee:navigation-case>
  </javaee:navigation-rule>

  <javaee:navigation-rule>
    <javaee:from-view-id>/register.jsp</javaee:from-view-id>
  
    <javaee:navigation-case>
      <javaee:from-outcome>success</javaee:from-outcome>
      <javaee:to-view-id>/home.jsp</javaee:to-view-id>
    </javaee:navigation-case>
  </javaee:navigation-rule>

  <javaee:navigation-rule>
    <javaee:from-view-id>/index.jsp</javaee:from-view-id>
  
    <javaee:navigation-case>
      <javaee:from-outcome>success</javaee:from-outcome>
      <javaee:to-view-id>/home.jsp</javaee:to-view-id>
    </javaee:navigation-case>
  </javaee:navigation-rule>
  <javaee:managed-bean>
    <javaee:managed-bean-name>user</javaee:managed-bean-name>
  
    <javaee:managed-bean-class>com.apress.javaxml.beans.UserBean</javaee:managed-bean-class>
  
    <javaee:managed-bean-scope>session</javaee:managed-bean-scope>
  </javaee:managed-bean>


</javaee:faces-config>