<?xml version='1.0'  encoding='UTF-8' ?>
<javaee:application version="5"  xmlns:javaee="http://java.sun.com/xml/ns/javaee"  xmlns:xsi="http://www.w3.org/2001/XMLSchema-instance"  xsi:schemaLocation="http://java.sun.com/xml/ns/javaee http://java.sun.com/xml/ns/javaee/application_5.xsd" > 
  <javaee:module> 
    <javaee:ejb>projectejb.jar</javaee:ejb>
   </javaee:module>
 
  <javaee:module> 
    <javaee:web> 
      <javaee:web-uri>projectservice.war</javaee:web-uri>
      <javaee:context-root>/projectservice</javaee:context-root>
    
     </javaee:web>
   </javaee:module>
 
 </javaee:application>